<References xmlns="http://xmlns.oracle.com/adf/jndi">
  <Reference name="HRDB" className="oracle.jdeveloper.db.adapter.DatabaseProvider" credentialStoreKey="HRDB" xmlns="">
    <Factory className="oracle.jdevimpl.db.adapter.DatabaseProviderFactory1212"/>
    <RefAddresses>
      <StringRefAddr addrType="oraDriverType">
        <Contents>thin</Contents>
      </StringRefAddr>
      <StringRefAddr addrType="hostname">
        <Contents>localhost</Contents>
      </StringRefAddr>
      <SecureRefAddr addrType="password"/>
      <StringRefAddr addrType="subtype">
        <Contents>oraJDBC</Contents>
      </StringRefAddr>
      <StringRefAddr addrType="port">
        <Contents>1521</Contents>
      </StringRefAddr>
      <StringRefAddr addrType="user">
        <Contents>hr</Contents>
      </StringRefAddr>
      <StringRefAddr addrType="sid">
        <Contents>XE</Contents>
      </StringRefAddr>
    </RefAddresses>
  </Reference>
  <Reference name="{http://xmlns.oracle.com/employee/EmpService}EmployeeService"
             className="oracle.jbo.client.svc.Service" xmlns="">
    <Factory className="oracle.jbo.client.svc.ServiceFactory"/>
    <RefAddresses>
      <StringRefAddr addrType="serviceInterfaceName">
        <Contents>oracle.soa.test.applicationModule.common.serviceinterface.EmployeeService</Contents>
      </StringRefAddr>
      <StringRefAddr addrType="serviceEndpointProvider">
        <Contents>ADFBC</Contents>
      </StringRefAddr>
      <StringRefAddr addrType="jndiName">
        <Contents>EmployeeServiceBean#oracle.soa.test.applicationModule.common.serviceinterface.EmployeeService</Contents>
      </StringRefAddr>
      <StringRefAddr addrType="serviceSchemaName">
        <Contents>EmployeeService.xsd</Contents>
      </StringRefAddr>
      <StringRefAddr addrType="serviceSchemaLocation">
        <Contents>oracle/soa/test/applicationModule/common/serviceinterface/</Contents>
      </StringRefAddr>
    </RefAddresses>
  </Reference>
</References>