<?xml version="1.0" encoding="UTF-8" ?>
<!-- Generated by Oracle SOA Modeler version 12.1.3.0.0 at [8/13/15 4:49 PM]. -->
<composite name="Project1"
           revision="1.0"
           label="2015-08-13_16-49-37_534"
           mode="active"
           state="on"
           xmlns="http://xmlns.oracle.com/sca/1.0"
           xmlns:xs="http://www.w3.org/2001/XMLSchema"
           xmlns:wsp="http://schemas.xmlsoap.org/ws/2004/09/policy"
           xmlns:orawsp="http://schemas.oracle.com/ws/2006/01/policy"
           xmlns:ui="http://xmlns.oracle.com/soa/designer/"
           xmlns:sca-ext="http://xmlns.oracle.com/sca/1.0-ext">
  <import namespace="http://xmlns.oracle.com/XMLToJSON/Project1/XMLToJSON" location="WSDLs/XMLToJSON.wsdl"
          importType="wsdl"/>
  <import namespace="http://xmlns.oracle.com/pcbpel/adapter/file/XMLToJSON/Project1/fileReference"
          location="WSDLs/fileReference.wsdl" importType="wsdl"/>
  <service name="xmltojson_client_ep" ui:wsdlLocation="WSDLs/XMLToJSON.wsdl">
    <interface.wsdl interface="http://xmlns.oracle.com/XMLToJSON/Project1/XMLToJSON#wsdl.interface(XMLToJSON)"/>
    <binding.ws port="http://xmlns.oracle.com/XMLToJSON/Project1/XMLToJSON#wsdl.endpoint(xmltojson_client_ep/XMLToJSON_pt)"/>
  </service>
  <property name="productVersion" type="xs:string" many="false">12.1.3.0.0</property>
  <property name="compositeID" type="xs:string" many="false">bd09a027-374a-4ffe-acea-7924fb0a781e</property>
  <component name="XMLToJSON" version="1.1">
    <implementation.bpel src="BPEL/XMLToJSON.bpel"/>
    <componentType>
      <service name="xmltojson_client" ui:wsdlLocation="WSDLs/XMLToJSON.wsdl">
        <interface.wsdl interface="http://xmlns.oracle.com/XMLToJSON/Project1/XMLToJSON#wsdl.interface(XMLToJSON)"/>
      </service>
      <reference name="fileReference" ui:wsdlLocation="WSDLs/fileReference.wsdl">
        <interface.wsdl interface="http://xmlns.oracle.com/pcbpel/adapter/file/XMLToJSON/Project1/fileReference#wsdl.interface(Write_ptt)"/>
      </reference>
    </componentType>
    <property name="bpel.config.transaction" type="xs:string" many="false">required</property>
  </component>
  <reference name="fileReference" ui:wsdlLocation="WSDLs/fileReference.wsdl">
    <interface.wsdl interface="http://xmlns.oracle.com/pcbpel/adapter/file/XMLToJSON/Project1/fileReference#wsdl.interface(Write_ptt)"/>
    <binding.jca config="Adapters/fileReference_file.jca"/>
  </reference>
  <wire>
    <source.uri>xmltojson_client_ep</source.uri>
    <target.uri>XMLToJSON/xmltojson_client</target.uri>
  </wire>
  <wire>
    <source.uri>XMLToJSON/fileReference</source.uri>
    <target.uri>fileReference</target.uri>
  </wire>
</composite>
