<?xml version="1.0" encoding="UTF-8"?>
<process name="SubscribeToEventBPELProcess" targetNamespace="http://xmlns.oracle.com/BlogWS/EDNConsistencyCheck/SubscribeToEventBPELProcess" xmlns="http://schemas.xmlsoap.org/ws/2003/03/business-process/" xmlns:client="http://xmlns.oracle.com/BlogWS/EDNConsistencyCheck/SubscribeToEventBPELProcess" xmlns:ora="http://schemas.oracle.com/xpath/extension" xmlns:bpelx="http://schemas.oracle.com/bpel/extension" xmlns:ns1="http://xmlns.oracle.com/events/edl/OrderCreation" xmlns:ns2="http://xmlns.oracle.com/BlogWS/EDNConsistencyCheck/" xmlns:bpws="http://schemas.xmlsoap.org/ws/2003/03/business-process/" xmlns:xsd="http://www.w3.org/2001/XMLSchema" xmlns:xp20="http://www.oracle.com/XSL/Transform/java/oracle.tip.pc.services.functions.Xpath20" xmlns:aia="http://www.oracle.com/XSL/Transform/java/oracle.apps.aia.core.xpath.AIAFunctions" xmlns:bpel2="http://docs.oasis-open.org/wsbpel/2.0/process/executable" xmlns:oraext="http://www.oracle.com/XSL/Transform/java/oracle.tip.pc.services.functions.ExtFunc" xmlns:dvm="http://www.oracle.com/XSL/Transform/java/oracle.tip.dvm.LookupValue" xmlns:hwf="http://xmlns.oracle.com/bpel/workflow/xpath" xmlns:ids="http://xmlns.oracle.com/bpel/services/IdentityService/xpath" xmlns:bpm="http://xmlns.oracle.com/bpmn20/extensions" xmlns:xdk="http://schemas.oracle.com/bpel/extension/xpath/function/xdk" xmlns:xref="http://www.oracle.com/XSL/Transform/java/oracle.tip.xref.xpath.XRefXPathFunctions" xmlns:ldap="http://schemas.oracle.com/xpath/extension/ldap" id="BpPrc0">



    <!-- 
      ////////////////////////////////////////////////////////////////////////////////////////////////////////////////////////////////////////////////////////
        VARIABLES                                                        
        List of messages and XML documents used within this BPEL process 
      ////////////////////////////////////////////////////////////////////////////////////////////////////////////////////////////////////////////////////////
    -->
    <variables>
        <!-- Reference to the message passed as input during initiation -->
        <variable name="inputVariable0" element="ns2:OrderInput"/>
        <variable name="tempVar" type="xsd:string"/>
    </variables>

    <!-- 
      ////////////////////////////////////////////////////////////////////////////////////////////////////////////////////////////////////////////////////////
       ORCHESTRATION LOGIC                                               
       Set of activities coordinating the flow of messages across the    
       services integrated within this business process                  
      ////////////////////////////////////////////////////////////////////////////////////////////////////////////////////////////////////////////////////////
    -->
    <sequence name="main" id="BpSeq0">
        <!-- Receive input from requestor. (Note: This maps to operation defined in SubscribeToEventBPELProcess.wsdl) -->
        <receive name="receiveInput0" bpelx:eventName="ns1:CreateOrder" variable="inputVariable0" createInstance="yes" id="BpRcv0"/>
        <throw name="Throw1" faultName="bpelx:remoteFault" id="BpThw0"/>
        <assign name="Assign" id="BpAss0">
            <copy>
                <from expression="'Input Updated'"/>
                <to variable="tempVar"/>
            </copy>
        </assign>
    </sequence></process><!--
////////////////////////////////////////////////////////////////////////////////////////////////////////////////////////////////////////////////////////
  Oracle JDeveloper BPEL Designer 
  
  Created: Tue Jun 04 14:39:23 IST 2013
  Author:  svgonugu
  Purpose: BPEL Process for event subscription
////////////////////////////////////////////////////////////////////////////////////////////////////////////////////////////////////////////////////////
-->