<?xml version = '1.0' encoding = 'windows-1252'?>
<weblogic-ejb-jar xmlns:xsi="http://www.w3.org/2001/XMLSchema-instance"
                  xsi:schemaLocation="http://xmlns.oracle.com/weblogic/weblogic-ejb-jar http://xmlns.oracle.com/weblogic/weblogic-ejb-jar/1.5/weblogic-ejb-jar.xsd"
                  xmlns="http://xmlns.oracle.com/weblogic/weblogic-ejb-jar">
  <weblogic-enterprise-bean>
    <ejb-name>oracle.soa.hw.test.applicationModule.common.TestHumanTaskApiBean</ejb-name>
    <stateless-session-descriptor>
      <pool>
        <initial-beans-in-free-pool>2</initial-beans-in-free-pool>
      </pool>
    </stateless-session-descriptor>
    <enable-call-by-reference>true</enable-call-by-reference>
  </weblogic-enterprise-bean>
</weblogic-ejb-jar>
