<?xml version="1.0" encoding="UTF-8"?>
<dgm:gDiagram xmlns:dgm="http://xmlns.oracle.com/sca/soadgm">
    <dgm:gService name="RaiseEvent_ep">
        <dgm:body borderWidth="2" arcRad="20" X="21" Y="267" width="137" height="96">
            <dgm:borderColor r="153" g="153" b="153"/>
            <dgm:bgColor r="255" g="255" b="255"/>
        </dgm:body>
        <dgm:shadow arcRad="20" X="11" Y="260" width="156" height="110">
            <dgm:bgColor r="196" g="228" b="240"/>
        </dgm:shadow>
        <dgm:outputPort name="RaiseEvent_ep" X="127" Y="0" diameter="20" imageURI="oracle/tip/tools/ide/fabric/resource/image/visuals_rd1/servicereference.png" interface="http://xmlns.oracle.com/BlogWS/EDNConsistencyCheck/RaiseEvent#wsdl.interface(execute_ptt)"/>
        <dgm:nodeIcon URI="/oracle/tip/tools/ide/adapters/designtime/adapter/images/soap_service_20x20.png" X="20" Y="4" width="20" height="20"/>
        <dgm:operations>
            <dgm:item>execute</dgm:item>
            <dgm:item>updateOrder</dgm:item>
        </dgm:operations>
    </dgm:gService>
    <dgm:gComponent name="RaiseEvent">
        <dgm:body borderWidth="2" arcRad="20" X="300" Y="252" width="130" height="122">
            <dgm:borderColor r="128" g="92" b="148"/>
            <dgm:lightBgColor r="208" g="169" b="227"/>
            <dgm:darkBgColor r="183" g="132" b="212"/>
        </dgm:body>
        <dgm:shadow arcRad="20" X="290" Y="245" width="150" height="138">
            <dgm:bgColor r="196" g="228" b="240"/>
        </dgm:shadow>
        <dgm:inputPort name="RaiseEvent" X="-10" Y="15" diameter="20" imageURI="oracle/tip/tools/ide/fabric/resource/image/visuals_rd1/servicereference.png" interface="http://xmlns.oracle.com/BlogWS/EDNConsistencyCheck/RaiseEvent#wsdl.interface(execute_ptt)"/>
        <dgm:nodeIcon URI="/oracle/tip/tools/ide/mediator/resource/image/mediator_20x20.png" X="23" Y="4" width="20" height="20"/>
        <dgm:publishEvents>
            <dgm:item>CreateOrder</dgm:item>
            <dgm:item>UpdateOrder</dgm:item>
        </dgm:publishEvents>
        <dgm:publishPort name="" X="120" Y="40" diameter="20" imageURI="oracle/tip/tools/ide/fabric/resource/image/visuals_rd1/circleEvent.png"/>
    </dgm:gComponent>
    <dgm:gComponent name="SubscribeToEventBPELProcess">
        <dgm:body borderWidth="2" arcRad="20" X="300" Y="26" width="130" height="110">
            <dgm:borderColor r="69" g="113" b="140"/>
            <dgm:lightBgColor r="166" g="208" b="230"/>
            <dgm:darkBgColor r="99" g="162" b="201"/>
        </dgm:body>
        <dgm:shadow arcRad="20" X="290" Y="19" width="150" height="126">
            <dgm:bgColor r="196" g="228" b="240"/>
        </dgm:shadow>
        <dgm:nodeIcon URI="/oracle/tip/tools/ide/bpel/shared/plugins/resources/images/soa/process_20x20.png" X="23" Y="4" width="20" height="20"/>
        <dgm:subscribeEvents>
            <dgm:item>CreateOrder</dgm:item>
        </dgm:subscribeEvents>
        <dgm:subscribePort name="" X="-10" Y="40" diameter="20" imageURI="oracle/tip/tools/ide/fabric/resource/image/visuals_rd1/circleEvent.png"/>
    </dgm:gComponent>
    <dgm:gWireLink source="RaiseEvent_ep" target="RaiseEvent/RaiseEvent" width="2">
        <dgm:gSegment X1="168" Y1="277" X2="290" Y2="277"/>
        <dgm:baseColor r="153" g="153" b="153"/>
        <dgm:selectedColor r="49" g="106" b="196"/>
    </dgm:gWireLink>
</dgm:gDiagram>