<?xml version="1.0" encoding="UTF-8" ?>
<!-- Generated by Oracle SOA Modeler version 11.1.1.7.0 at [5/29/13 3:51 PM]. -->
<composite name="EDNConsistencyCheck" revision="1.0"
           label="2013-05-29_15-51-29_310" mode="active" state="on"
           xmlns="http://xmlns.oracle.com/sca/1.0"
           xmlns:xs="http://www.w3.org/2001/XMLSchema"
           xmlns:wsp="http://schemas.xmlsoap.org/ws/2004/09/policy"
           xmlns:orawsp="http://schemas.oracle.com/ws/2006/01/policy"
           xmlns:ui="http://xmlns.oracle.com/soa/designer/">
  <import namespace="http://xmlns.oracle.com/BlogWS/EDNConsistencyCheck/RaiseEvent"
          location="RaiseEvent.wsdl" importType="wsdl"/>
  <import namespace="http://xmlns.oracle.com/events/edl/OrderCreation"
          location="OrderCreation.edl" importType="edl"/>
  <import namespace="http://xmlns.oracle.com/BlogWS/EDNConsistencyCheck/SubscribeToEventBPELProcess"
          location="SubscribeToEventBPELProcess.wsdl" importType="wsdl"/>
  <service name="RaiseEvent_ep" ui:wsdlLocation="RaiseEvent.wsdl">
    <interface.wsdl interface="http://xmlns.oracle.com/BlogWS/EDNConsistencyCheck/RaiseEvent#wsdl.interface(execute_ptt)"/>
    <binding.ws port="http://xmlns.oracle.com/BlogWS/EDNConsistencyCheck/RaiseEvent#wsdl.endpoint(RaiseEvent_ep/execute_pt)"/>
  </service>
  <property name="originalProductVersion" type="xs:string" many="false">11.1.1.7.0</property>
  <property name="productVersion" type="xs:string" many="false">12.1.3.0.0</property>
  <property name="compositeID" type="xs:string" many="false">7fa2ab69-8bfd-424b-be86-32511c0fcb2b</property>
  <component name="RaiseEvent">
    <implementation.mediator src="RaiseEvent.mplan"/>
    <componentType xmlns="http://xmlns.oracle.com/sca/1.0" xmlns:xs="http://www.w3.org/2001/XMLSchema"
                   xmlns:ui="http://xmlns.oracle.com/soa/designer/">
      <service name="RaiseEvent" ui:wsdlLocation="RaiseEvent.wsdl">
        <interface.wsdl interface="http://xmlns.oracle.com/BlogWS/EDNConsistencyCheck/RaiseEvent#wsdl.interface(execute_ptt)"/>
      </service>
    </componentType>
    <business-events>
      <publishes xmlns:pub1="http://xmlns.oracle.com/events/edl/OrderCreation"
                 name="pub1:CreateOrder"/>
      <publishes xmlns:pub1="http://xmlns.oracle.com/events/edl/OrderCreation"
                 name="pub1:UpdateOrder"/>
    </business-events>
  </component>
  <component name="SubscribeToEventBPELProcess" version="1.1">
    <implementation.bpel src="SubscribeToEventBPELProcess.bpel"/>
    <componentType xmlns="http://xmlns.oracle.com/sca/1.0" xmlns:xs="http://www.w3.org/2001/XMLSchema"
                   xmlns:ui="http://xmlns.oracle.com/soa/designer/"/>
    <property name="bpel.config.oneWayDeliveryPolicy" type="xs:string" many="false">async.persist</property>
    <business-events>
      <subscribe xmlns:sub1="http://xmlns.oracle.com/events/edl/OrderCreation"
                 name="sub1:CreateOrder" consistency="oneAndOnlyOne"
                 runAsRoles="$publisher" durable="true"/>
    </business-events>
  </component>
  <wire>
    <source.uri>RaiseEvent_ep</source.uri>
    <target.uri>RaiseEvent/RaiseEvent</target.uri>
  </wire>
</composite>
